ProductID,StartDate,EndDate,Cost
707,2011-05-31,2012-05-29,12.0278
707,2012-05-30,2013-05-29,13.8782
707,2013-05-30,,13.0863
708,2011-05-31,2012-05-29,12.0278
708,2012-05-30,2013-05-29,13.8782
708,2013-05-30,,13.0863
709,2011-05-31,2012-05-29,3.3963
710,2011-05-31,2012-05-29,3.3963
711,2011-05-31,2012-05-29,12.0278
711,2012-05-30,2013-05-29,13.8782
711,2013-05-30,,13.0863
712,2011-05-31,2012-05-29,5.7052
712,2012-05-30,2013-05-29,5.2297
712,2013-05-30,,6.9223
713,2011-05-31,2012-05-29,31.7244
713,2012-05-30,2013-05-29,29.0807
713,2013-05-30,,38.4923
714,2011-05-31,2012-05-29,31.7244
714,2012-05-30,2013-05-29,29.0807
714,2013-05-30,,38.4923
715,2011-05-31,2012-05-29,31.7244
715,2012-05-30,2013-05-29,29.0807
715,2013-05-30,,38.4923
716,2011-05-31,2012-05-29,31.7244
716,2012-05-30,2013-05-29,29.0807
716,2013-05-30,,38.4923
717,2011-05-31,2012-05-29,747.9682
717,2012-05-30,2013-05-29,722.2568
717,2013-05-30,,868.6342
718,2011-05-31,2012-05-29,747.9682
718,2012-05-30,2013-05-29,722.2568
718,2013-05-30,,868.6342
719,2011-05-31,2012-05-29,747.9682
719,2012-05-30,2013-05-29,722.2568
719,2013-05-30,,868.6342
720,2011-05-31,2012-05-29,747.9682
720,2012-05-30,2013-05-29,722.2568
720,2013-05-30,,868.6342
721,2011-05-31,2012-05-29,747.9682
721,2012-05-30,2013-05-29,722.2568
721,2013-05-30,,868.6342
722,2011-05-31,2012-05-29,176.1997
722,2012-05-30,2013-05-29,170.1428
722,2013-05-30,,204.6251
723,2011-05-31,2012-05-29,176.1997
723,2012-05-30,2013-05-29,170.1428
723,2013-05-30,,204.6251
724,2011-05-31,2012-05-29,176.1997
724,2012-05-30,2013-05-29,170.1428
724,2013-05-30,,204.6251
725,2011-05-31,2012-05-29,181.4857
725,2012-05-30,2013-05-29,187.1571
726,2011-05-31,2012-05-29,181.4857
726,2012-05-30,2013-05-29,187.1571
727,2011-05-31,2012-05-29,181.4857
727,2012-05-30,2013-05-29,187.1571
728,2011-05-31,2012-05-29,181.4857
728,2012-05-30,2013-05-29,187.1571
729,2011-05-31,2012-05-29,181.4857
729,2012-05-30,2013-05-29,187.1571
730,2011-05-31,2012-05-29,181.4857
730,2012-05-30,2013-05-29,187.1571
731,2011-05-31,2012-05-29,352.1394
732,2011-05-31,2012-05-29,352.1394
733,2011-05-31,2012-05-29,352.1394
734,2011-05-31,2012-05-29,352.1394
735,2011-05-31,2012-05-29,352.1394
736,2011-05-31,2012-05-29,176.1997
736,2012-05-30,2013-05-29,170.1428
736,2013-05-30,,204.6251
737,2011-05-31,2012-05-29,176.1997
737,2012-05-30,2013-05-29,170.1428
737,2013-05-30,,204.6251
738,2011-05-31,2012-05-29,176.1997
738,2012-05-30,2013-05-29,170.1428
738,2013-05-30,,204.6251
739,2011-05-31,2012-05-29,623.8403
739,2012-05-30,2013-05-29,660.9142
739,2013-05-30,,747.2002
740,2011-05-31,2012-05-29,706.8110
741,2011-05-31,2012-05-29,706.8110
742,2011-05-31,2012-05-29,623.8403
742,2012-05-30,2013-05-29,660.9142
742,2013-05-30,,747.2002
743,2011-05-31,2012-05-29,617.0281
743,2012-05-30,2013-05-29,653.6971
743,2013-05-30,,739.0410
744,2011-05-31,2012-05-29,699.0928
745,2011-05-31,2012-05-29,699.0928
746,2011-05-31,2012-05-29,617.0281
746,2012-05-30,2013-05-29,653.6971
746,2013-05-30,,739.0410
747,2011-05-31,2012-05-29,617.0281
747,2012-05-30,2013-05-29,653.6971
747,2013-05-30,,739.0410
748,2011-05-31,2012-05-29,623.8403
748,2012-05-30,2013-05-29,660.9142
748,2013-05-30,,747.2002
749,2011-05-31,2012-05-29,2171.2942
750,2011-05-31,2012-05-29,2171.2942
751,2011-05-31,2012-05-29,2171.2942
752,2011-05-31,2012-05-29,2171.2942
753,2011-05-31,2012-05-29,2171.2942
754,2011-05-31,2012-05-29,884.7083
755,2011-05-31,2012-05-29,884.7083
756,2011-05-31,2012-05-29,884.7083
757,2011-05-31,2012-05-29,884.7083
758,2011-05-31,2012-05-29,884.7083
759,2011-05-31,2012-05-29,413.1463
759,2012-05-30,2013-05-29,486.7066
760,2011-05-31,2012-05-29,413.1463
760,2012-05-30,2013-05-29,486.7066
761,2011-05-31,2012-05-29,413.1463
761,2012-05-30,2013-05-29,486.7066
762,2011-05-31,2012-05-29,413.1463
762,2012-05-30,2013-05-29,486.7066
763,2011-05-31,2012-05-29,413.1463
763,2012-05-30,2013-05-29,486.7066
764,2011-05-31,2012-05-29,413.1463
764,2012-05-30,2013-05-29,486.7066
765,2011-05-31,2012-05-29,413.1463
765,2012-05-30,2013-05-29,486.7066
766,2011-05-31,2012-05-29,413.1463
766,2012-05-30,2013-05-29,486.7066
767,2011-05-31,2012-05-29,413.1463
767,2012-05-30,2013-05-29,486.7066
768,2011-05-31,2012-05-29,413.1463
768,2012-05-30,2013-05-29,486.7066
769,2011-05-31,2012-05-29,413.1463
769,2012-05-30,2013-05-29,486.7066
770,2011-05-31,2012-05-29,413.1463
770,2012-05-30,2013-05-29,486.7066
771,2011-05-31,2012-05-29,1912.1544
772,2011-05-31,2012-05-29,1912.1544
773,2011-05-31,2012-05-29,1912.1544
774,2011-05-31,2012-05-29,1912.1544
775,2011-05-31,2012-05-29,1898.0944
776,2011-05-31,2012-05-29,1898.0944
777,2011-05-31,2012-05-29,1898.0944
778,2011-05-31,2012-05-29,1898.0944
779,2012-05-30,2013-05-29,1117.8559
779,2013-05-30,,1265.6195
780,2012-05-30,2013-05-29,1117.8559
780,2013-05-30,,1265.6195
781,2012-05-30,2013-05-29,1117.8559
781,2013-05-30,,1265.6195
782,2012-05-30,2013-05-29,1105.8100
782,2013-05-30,,1251.9813
783,2012-05-30,2013-05-29,1105.8100
783,2013-05-30,,1251.9813
784,2012-05-30,2013-05-29,1105.8100
784,2013-05-30,,1251.9813
785,2012-05-30,2013-05-29,598.4354
786,2012-05-30,2013-05-29,598.4354
787,2012-05-30,2013-05-29,598.4354
788,2012-05-30,2013-05-29,598.4354
789,2012-05-30,2013-05-29,1518.7864
790,2012-05-30,2013-05-29,1518.7864
791,2012-05-30,2013-05-29,1518.7864
792,2012-05-30,2013-05-29,1320.6838
792,2013-05-30,,1554.9479
793,2012-05-30,2013-05-29,1320.6838
793,2013-05-30,,1554.9479
794,2012-05-30,2013-05-29,1320.6838
794,2013-05-30,,1554.9479
795,2012-05-30,2013-05-29,1320.6838
795,2013-05-30,,1554.9479
796,2012-05-30,2013-05-29,1320.6838
796,2013-05-30,,1554.9479
797,2012-05-30,2013-05-29,605.6492
797,2013-05-30,,713.0798
798,2012-05-30,2013-05-29,605.6492
798,2013-05-30,,713.0798
799,2012-05-30,2013-05-29,605.6492
799,2013-05-30,,713.0798
800,2012-05-30,2013-05-29,605.6492
800,2013-05-30,,713.0798
801,2012-05-30,2013-05-29,605.6492
801,2013-05-30,,713.0798
802,2012-05-30,2013-05-29,65.8097
803,2012-05-30,2013-05-29,77.9176
804,2012-05-30,2013-05-29,101.8936
805,2012-05-30,2013-05-29,15.1848
806,2012-05-30,2013-05-29,45.4168
807,2012-05-30,2013-05-29,55.3801
808,2012-05-30,2013-05-29,17.9780
808,2013-05-30,,19.7758
809,2012-05-30,2013-05-29,24.9932
809,2013-05-30,,27.4925
810,2012-05-30,2013-05-29,48.5453
810,2013-05-30,,53.3999
811,2012-05-30,2013-05-29,17.9780
811,2013-05-30,,19.7758
812,2012-05-30,2013-05-29,24.9932
812,2013-05-30,,27.4925
813,2012-05-30,2013-05-29,48.5453
813,2013-05-30,,53.3999
814,2012-05-30,2013-05-29,185.8193
815,2012-05-30,2013-05-29,26.9708
816,2012-05-30,2013-05-29,92.8071
817,2012-05-30,2013-05-29,133.2955
818,2012-05-30,2013-05-29,37.9909
819,2012-05-30,2013-05-29,110.2829
820,2012-05-30,2013-05-29,146.5466
821,2012-05-30,2013-05-29,96.7964
822,2012-05-30,2013-05-29,300.1188
822,2013-05-30,,360.9428
823,2012-05-30,2013-05-29,38.9588
824,2012-05-30,2013-05-29,104.7951
825,2012-05-30,2013-05-29,145.2835
826,2012-05-30,2013-05-29,49.9789
827,2012-05-30,2013-05-29,122.2709
828,2012-05-30,2013-05-29,158.5346
829,2012-05-30,2013-05-29,108.7844
830,2012-05-30,2013-05-29,185.8193
831,2012-05-30,2013-05-29,185.8193
832,2012-05-30,2013-05-29,185.8193
833,2012-05-30,2013-05-29,300.1188
833,2013-05-30,,360.9428
834,2012-05-30,2013-05-29,300.1188
834,2013-05-30,,360.9428
835,2012-05-30,2013-05-29,300.1188
835,2013-05-30,,360.9428
836,2012-05-30,2013-05-29,300.1188
836,2013-05-30,,360.9428
837,2012-05-30,2013-05-29,722.2568
837,2013-05-30,,868.6342
838,2012-05-30,2013-05-29,722.2568
838,2013-05-30,,868.6342
839,2012-05-30,2013-05-29,722.2568
839,2013-05-30,,868.6342
840,2012-05-30,2013-05-29,722.2568
840,2013-05-30,,868.6342
841,2012-05-30,2013-05-29,24.7459
842,2012-05-30,2013-05-29,51.5625
843,2012-05-30,2013-05-29,10.3125
844,2012-05-30,2013-05-29,8.2459
845,2012-05-30,2013-05-29,10.3084
846,2012-05-30,2013-05-29,5.7709
847,2012-05-30,2013-05-29,14.4334
848,2012-05-30,2013-05-29,18.5584
849,2012-05-30,2013-05-29,24.7459
850,2012-05-30,2013-05-29,24.7459
851,2012-05-30,2013-05-29,24.7459
852,2012-05-30,2013-05-29,30.9334
853,2012-05-30,2013-05-29,30.9334
854,2012-05-30,2013-05-29,30.9334
855,2012-05-30,2013-05-29,37.1209
856,2012-05-30,2013-05-29,37.1209
857,2012-05-30,2013-05-29,37.1209
858,2012-05-30,2013-05-29,9.7136
858,2013-05-30,,9.1593
859,2012-05-30,2013-05-29,9.7136
859,2013-05-30,,9.1593
860,2012-05-30,2013-05-29,9.7136
860,2013-05-30,,9.1593
861,2012-05-30,2013-05-29,15.6709
862,2012-05-30,2013-05-29,15.6709
863,2012-05-30,2013-05-29,15.6709
864,2013-05-30,,23.7490
865,2013-05-30,,23.7490
866,2013-05-30,,23.7490
867,2013-05-30,,26.1763
868,2013-05-30,,26.1763
869,2013-05-30,,26.1763
870,2013-05-30,,1.8663
871,2013-05-30,,3.7363
872,2013-05-30,,3.3623
873,2013-05-30,,0.8565
874,2013-05-30,,3.3623
875,2013-05-30,,3.3623
876,2013-05-30,,44.8800
877,2013-05-30,,2.9733
878,2013-05-30,,8.2205
879,2013-05-30,,59.4660
880,2013-05-30,,20.5663
881,2013-05-30,,41.5723
882,2013-05-30,,41.5723
883,2013-05-30,,41.5723
884,2013-05-30,,41.5723
885,2013-05-30,,601.7437
886,2013-05-30,,199.8519
887,2013-05-30,,601.7437
888,2013-05-30,,601.7437
889,2013-05-30,,601.7437
890,2013-05-30,,601.7437
891,2013-05-30,,601.7437
892,2013-05-30,,601.7437
893,2013-05-30,,601.7437
894,2013-05-30,,53.9282
895,2013-05-30,,199.8519
896,2013-05-30,,199.8519
897,2013-05-30,,199.8519
898,2013-05-30,,199.8519
899,2013-05-30,,199.8519
900,2013-05-30,,199.8519
901,2013-05-30,,199.8519
902,2013-05-30,,199.8519
903,2013-05-30,,199.8519
904,2013-05-30,,199.3757
905,2013-05-30,,199.3757
906,2013-05-30,,199.3757
907,2013-05-30,,47.2860
908,2013-05-30,,12.0413
909,2013-05-30,,17.3782
910,2013-05-30,,23.3722
911,2013-05-30,,12.0413
912,2013-05-30,,17.3782
913,2013-05-30,,23.3722
914,2013-05-30,,12.0413
915,2013-05-30,,17.3782
916,2013-05-30,,23.3722
917,2013-05-30,,144.5938
918,2013-05-30,,144.5938
919,2013-05-30,,144.5938
920,2013-05-30,,144.5938
921,2013-05-30,,1.8663
922,2013-05-30,,1.4923
923,2013-05-30,,1.8663
924,2013-05-30,,136.7850
925,2013-05-30,,136.7850
926,2013-05-30,,136.7850
927,2013-05-30,,136.7850
928,2013-05-30,,9.3463
929,2013-05-30,,11.2163
930,2013-05-30,,13.0900
931,2013-05-30,,8.0373
932,2013-05-30,,9.3463
933,2013-05-30,,12.1924
934,2013-05-30,,10.8423
935,2013-05-30,,17.9776
936,2013-05-30,,27.5680
937,2013-05-30,,35.9596
938,2013-05-30,,17.9776
939,2013-05-30,,27.5680
940,2013-05-30,,35.9596
941,2013-05-30,,35.9596
942,2013-05-30,,199.3757
943,2013-05-30,,136.7850
944,2013-05-30,,144.5938
945,2013-05-30,,40.6216
946,2013-05-30,,20.4640
947,2013-05-30,,40.6571
948,2013-05-30,,47.2860
949,2013-05-30,,77.9176
950,2013-05-30,,113.8816
951,2013-05-30,,179.8156
952,2013-05-30,,8.9866
953,2013-05-30,,755.1508
954,2013-05-30,,1481.9379
955,2013-05-30,,1481.9379
956,2013-05-30,,1481.9379
957,2013-05-30,,1481.9379
958,2013-05-30,,461.4448
959,2013-05-30,,461.4448
960,2013-05-30,,461.4448
961,2013-05-30,,461.4448
962,2013-05-30,,461.4448
963,2013-05-30,,461.4448
964,2013-05-30,,461.4448
965,2013-05-30,,461.4448
966,2013-05-30,,1481.9379
967,2013-05-30,,1481.9379
968,2013-05-30,,1481.9379
969,2013-05-30,,1481.9379
970,2013-05-30,,755.1508
971,2013-05-30,,755.1508
972,2013-05-30,,755.1508
973,2013-05-30,,1082.5100
974,2013-05-30,,1082.5100
975,2013-05-30,,1082.5100
976,2013-05-30,,1082.5100
977,2013-05-30,,343.6496
978,2013-05-30,,461.4448
979,2013-05-30,,461.4448
980,2013-05-30,,419.7784
981,2013-05-30,,419.7784
982,2013-05-30,,419.7784
983,2013-05-30,,419.7784
984,2013-05-30,,308.2179
985,2013-05-30,,308.2179
986,2013-05-30,,308.2179
987,2013-05-30,,308.2179
988,2013-05-30,,308.2179
989,2013-05-30,,294.5797
990,2013-05-30,,294.5797
991,2013-05-30,,294.5797
992,2013-05-30,,294.5797
993,2013-05-30,,294.5797
994,2013-05-30,,23.9716
995,2013-05-30,,44.9506
996,2013-05-30,,53.9416
997,2013-05-30,,343.6496
998,2013-05-30,,343.6496
999,2013-05-30,,343.6496
